name,rating,user_ratings_total,price_level,vicinity,formatted_address,place_id,types,business_status,formatted_phone_number,website,opening_hours,reviews_count,category,generated_review
The Marker Union Square San Francisco,4.1,1673,4,"501 Geary Street, San Francisco",,ChIJK3PRMI6AhYARYG5SMzRLKjo,"lodging, restaurant, food, point_of_interest, establishment",OPERATIONAL,,,Open Now,0,Other | Fine Dining,Great food and service at The Marker Union Square San Francisco. The dishes were well-prepared and the staff was friendly. The upscale atmosphere adds to the dining experience.
Zuni Café,4.4,2442,3,"1658 Market Street, San Francisco",,ChIJO7u9q5-AhYARiSSXyWv9eJ8,"cafe, bar, restaurant, food, point_of_interest, establishment",OPERATIONAL,,,Closed,0,Coffee | Bar/Lounge | Fine Dining,Zuni Café offers a solid dining experience with good quality food and reasonable prices.
Brenda's French Soul Food,4.5,6042,2,"652 Polk Street, San Francisco",,ChIJZ9s5SJeAhYARIX3Fxl6oj6c,"restaurant, food, point_of_interest, establishment",OPERATIONAL,,,Open Now,0,French | Casual Dining,Absolutely amazing experience at Brenda's French Soul Food! The food was exceptional and the service was top-notch. Highly recommend!
Jasper's Corner Tap and Kitchen,3.8,848,2,"401 Taylor Street, San Francisco",,ChIJsYeEyY-AhYARFukSYv7t_3Q,"night_club, bar, restaurant, food, point_of_interest, establishment",OPERATIONAL,,,Open Now,0,Other | Bar/Lounge | Casual Dining,Average experience at Jasper's Corner Tap and Kitchen. The food meets basic expectations but could be better.
DNA Lounge,4.1,1585,2,"375 11th Street, San Francisco",,ChIJc_iInSh-j4ARUkdU9Rr5lFI,"night_club, bar, restaurant, food, point_of_interest, establishment",OPERATIONAL,,,Closed,0,Other | Bar/Lounge | Casual Dining,DNA Lounge offers a solid dining experience with good quality food and reasonable prices.
The Cavalier,4.4,1011,3,"360 Jessie Street, San Francisco",,ChIJUUjhfoaAhYARRuSNp1R18vs,"restaurant, food, point_of_interest, establishment",OPERATIONAL,,,Open Now,0,Other | Fine Dining,The Cavalier offers a solid dining experience with good quality food and reasonable prices.
Absinthe Brasserie & Bar,4.4,1748,3,"398 Hayes Street, San Francisco",,ChIJ1T-IlZiAhYAR5m-Mps4qLFk,"bar, restaurant, food, point_of_interest, establishment",OPERATIONAL,,,Closed,0,French | Bar/Lounge | Fine Dining,Really enjoyed my meal at Absinthe Brasserie & Bar. The food was tasty and the service was prompt.
Nopa,4.5,2906,3,"560 Divisadero Street, San Francisco",,ChIJ_dQjyK-AhYARBc9DFlxcclg,"restaurant, food, point_of_interest, establishment",OPERATIONAL,,,Open Now,0,Other | Fine Dining,One of the best restaurants I've ever been to. Nopa delivers quality that matches their excellent reputation.
Pancho Villa Taqueria,4.3,3979,1,"3071 16th Street, San Francisco",,ChIJJ50NrSN-j4ARtLkebWzfDGc,"restaurant, food, point_of_interest, establishment",OPERATIONAL,,,Open Now,0,Mexican | Casual Dining,Really enjoyed my meal at Pancho Villa Taqueria. The food was tasty and the service was prompt.
Zeitgeist,4.3,3043,1,"199 Valencia Street, San Francisco",,ChIJU889QiB-j4ARzQofqaFrMJU,"bar, restaurant, food, point_of_interest, establishment",OPERATIONAL,,,Open Now,0,Other | Bar/Lounge | Casual Dining,Really enjoyed my meal at Zeitgeist. The food was tasty and the service was prompt.
John's Grill,4.4,4346,3,"63 Ellis Street, San Francisco",,ChIJe9MuVY-AhYARb8Su4vUOneY,"restaurant, bar, food, point_of_interest, establishment",OPERATIONAL,,,Open Now,0,Other | Bar/Lounge | Fine Dining,Really enjoyed my meal at John's Grill. The food was tasty and the service was prompt.
State Bird Provisions,4.5,2266,3,"1529 Fillmore Street, San Francisco",,ChIJQ7kGpLmAhYARKeCe2pDobWk,"restaurant, food, point_of_interest, establishment",OPERATIONAL,,,Open Now,0,Other | Fine Dining,One of the best restaurants I've ever been to. State Bird Provisions delivers quality that matches their excellent reputation.
Alexander's Steakhouse,4.5,1077,4,"165 O'Farrell Street 3rd Floor, San Francisco",,ChIJVST7ANZ_j4ARbkYi2s36GQ8,"meal_takeaway, bar, restaurant, food, point_of_interest, establishment",OPERATIONAL,,,Closed,0,American | Bar/Lounge | Fine Dining,Alexander's Steakhouse exceeded all expectations. Every dish was perfectly prepared and the atmosphere was wonderful. The upscale atmosphere adds to the dining experience.
Suppenküche,4.5,1889,2,"525 Laguna Street, San Francisco",,ChIJ8fbCTqKAhYAR9Uu7AyP5FyE,"restaurant, food, point_of_interest, establishment",OPERATIONAL,,,Open Now,0,Other | Casual Dining,One of the best restaurants I've ever been to. Suppenküche delivers quality that matches their excellent reputation.
The Cheesecake Factory,3.8,4320,2,"251 Geary Street 8th Floor, San Francisco",,ChIJG-PkK4-AhYARxW6vm0X9kCQ,"restaurant, meal_takeaway, bakery, food, point_of_interest, store, establishment",OPERATIONAL,,,Open Now,0,Dessert | Casual Dining,Average experience at The Cheesecake Factory. The food meets basic expectations but could be better.
Tommy's Joynt,4.4,4061,1,"1101 Geary Boulevard, San Francisco",,ChIJUyoRf5aAhYAR4449E3H2WiQ,"restaurant, bar, food, point_of_interest, establishment",OPERATIONAL,,,Open Now,0,Other | Bar/Lounge | Casual Dining,Really enjoyed my meal at Tommy's Joynt. The food was tasty and the service was prompt.
The Valencia Room,3.9,912,1,"647 Valencia Street, San Francisco",,ChIJYx9e1yJ-j4AR6T2g6bdG1ss,"night_club, bar, restaurant, food, point_of_interest, establishment",OPERATIONAL,,,Open Now,0,Other | Bar/Lounge | Casual Dining,The Valencia Room is a reliable choice for a casual meal. Food quality is acceptable.
Limón,4.4,2019,2,"524 Valencia Street, San Francisco",,ChIJkz3yWSJ-j4AR5EejAF8BaLU,"restaurant, food, point_of_interest, establishment",OPERATIONAL,,,Open Now,0,Other | Casual Dining,Great food and service at Limón. The dishes were well-prepared and the staff was friendly.
Johnny Foley's Irish House,4.4,3695,2,"243 O'Farrell Street, San Francisco",,ChIJYQrxFI-AhYARSkQbx58DuHE,"bar, restaurant, food, point_of_interest, establishment",OPERATIONAL,,,Closed,0,Other | Bar/Lounge | Casual Dining,Really enjoyed my meal at Johnny Foley's Irish House. The food was tasty and the service was prompt.
Fairmont San Francisco,4.5,7000,,"950 Mason Street, San Francisco",,ChIJN2S4EI2AhYAR9J4Qeh1U8Aw,"lodging, restaurant, point_of_interest, food, establishment",OPERATIONAL,,,Unknown,0,Other | Casual Dining,Fairmont San Francisco exceeded all expectations. Every dish was perfectly prepared and the atmosphere was wonderful.
The Stinking Rose,4.2,4386,3,"430 Columbus Avenue, San Francisco",,ChIJW52Si_OAhYAR-jAC1-iQh_c,"restaurant, point_of_interest, food, establishment",OPERATIONAL,,,Open Now,0,Other | Fine Dining,Really enjoyed my meal at The Stinking Rose. The food was tasty and the service was prompt.
Perbacco,4.4,970,3,"230 California Street, San Francisco",,ChIJNy8VmmGAhYARQF84_9twEc4,"bar, restaurant, point_of_interest, food, establishment",OPERATIONAL,,,Closed,0,Other | Bar/Lounge | Fine Dining,Really enjoyed my meal at Perbacco. The food was tasty and the service was prompt.
Boulevard,4.6,1619,4,"1 Mission Street, San Francisco",,ChIJF-zbSmSAhYARvOafjdCRszQ,"bar, restaurant, point_of_interest, food, establishment",OPERATIONAL,,,Open Now,0,Other | Bar/Lounge | Fine Dining,Boulevard exceeded all expectations. Every dish was perfectly prepared and the atmosphere was wonderful. The upscale atmosphere adds to the dining experience.
Wayfare Tavern,4.5,2773,3,"201 Pine Street, San Francisco",,ChIJE5T3YoqAhYARtxUohSbFVDc,"bar, restaurant, point_of_interest, food, establishment",OPERATIONAL,,,Open Now,0,Other | Bar/Lounge | Fine Dining,Wayfare Tavern exceeded all expectations. Every dish was perfectly prepared and the atmosphere was wonderful.
Marlowe,4.4,1866,2,"500 Brannan Street, San Francisco",,ChIJK08gKtR_j4ARKyo5suJ6o2I,"bar, restaurant, point_of_interest, food, establishment",OPERATIONAL,,,Open Now,0,Other | Bar/Lounge | Casual Dining,Great food and service at Marlowe. The dishes were well-prepared and the staff was friendly.
E&O Kitchen and Bar,4.3,1388,2,"314 Sutter Street, San Francisco",,ChIJGXWXQYmAhYAR-Nr_OyKvI2o,"bar, restaurant, point_of_interest, food, establishment",OPERATIONAL,,,Closed,0,Other | Bar/Lounge | Casual Dining,E&O Kitchen and Bar offers a solid dining experience with good quality food and reasonable prices.
Kokkari Estiatorio,4.7,3250,4,"200 Jackson Street, San Francisco",,ChIJTel9dGCAhYARQGwrTfGZ07M,"meal_takeaway, restaurant, point_of_interest, food, establishment",OPERATIONAL,,,Open Now,0,Other | Fine Dining,Absolutely amazing experience at Kokkari Estiatorio! The food was exceptional and the service was top-notch. Highly recommend! The upscale atmosphere adds to the dining experience.
Tropisueno,4.3,3709,2,"75 Yerba Buena Lane, San Francisco",,ChIJfcaly4eAhYARSIvvfFpH64w,"bar, restaurant, point_of_interest, food, establishment",OPERATIONAL,,,Open Now,0,Other | Bar/Lounge | Casual Dining,Tropisueno offers a solid dining experience with good quality food and reasonable prices.
Amber India Restaurant,4.1,1981,3,"25 Yerba Buena Lane, San Francisco",,ChIJD8yVgoiAhYAR6Hl-j7OC2I8,"bar, restaurant, point_of_interest, food, establishment",OPERATIONAL,,,Open Now,0,Other | Bar/Lounge | Fine Dining,Great food and service at Amber India Restaurant. The dishes were well-prepared and the staff was friendly.
The Big 4,4.4,325,3,"1075 California Street, San Francisco",,ChIJo_6Ueo2AhYARsBQcUwYK84Y,"restaurant, point_of_interest, food, establishment",CLOSED_TEMPORARILY,,,Unknown,0,Other | Fine Dining,Really enjoyed my meal at The Big 4. The food was tasty and the service was prompt.
Tadich Grill,4.5,2938,3,"240 California Street, San Francisco",,ChIJqVjXkGGAhYAR5X80yCKz9Wo,"bar, restaurant, point_of_interest, food, establishment",OPERATIONAL,,,Open Now,0,Other | Bar/Lounge | Fine Dining,Absolutely amazing experience at Tadich Grill! The food was exceptional and the service was top-notch. Highly recommend!
Press Club,4.5,732,3,"20 Yerba Buena Lane, San Francisco",,ChIJ5VjkK4aAhYAR4JdQs3IUjQA,"bar, restaurant, point_of_interest, food, establishment",OPERATIONAL,,,Closed,0,Other | Bar/Lounge | Fine Dining,Press Club exceeded all expectations. Every dish was perfectly prepared and the atmosphere was wonderful.
House of Prime Rib,4.7,6789,3,"1906 Van Ness Avenue, San Francisco",,ChIJg67caeqAhYAR2UQjKb1a8j4,"restaurant, food, point_of_interest, establishment",OPERATIONAL,,,Open Now,0,Other | Fine Dining,One of the best restaurants I've ever been to. House of Prime Rib delivers quality that matches their excellent reputation.
Bar Crudo,4.6,765,3,"655 Divisadero Street, San Francisco",,ChIJG5eZAYyAhYARoc7-JK2NJEU,"restaurant, food, point_of_interest, establishment",OPERATIONAL,,,Open Now,0,Other | Fine Dining,One of the best restaurants I've ever been to. Bar Crudo delivers quality that matches their excellent reputation.
King Lee's Chinese Restaurant,3.8,119,1,"1426 Fillmore Street Suite A, San Francisco",,ChIJYykKebmAhYARPht2M8TbovY,"meal_takeaway, meal_delivery, restaurant, food, point_of_interest, establishment",OPERATIONAL,,,Open Now,0,Chinese | Casual Dining,King Lee's Chinese Restaurant is a reliable choice for a casual meal. Food quality is acceptable.
Nopalito,4.3,1962,2,"306 Broderick Street, San Francisco",,ChIJWdx6WK6AhYARchLwAKyG4-Y,"restaurant, food, point_of_interest, establishment",OPERATIONAL,,,Open Now,0,Other | Casual Dining,Really enjoyed my meal at Nopalito. The food was tasty and the service was prompt.
Sweet Maple,4.6,4274,2,"2101 Sutter Street, San Francisco",,ChIJMT5TG7iAhYAREDkkUYkUSYg,"cafe, restaurant, food, point_of_interest, establishment",OPERATIONAL,,,Closed,0,Coffee | Casual Dining,Sweet Maple exceeded all expectations. Every dish was perfectly prepared and the atmosphere was wonderful.
Ryoko's Japanese Restaurant & Bar,4.4,1975,2,"619 Taylor Street, San Francisco",,ChIJUem7D46AhYARYUQXakltDSo,"bar, restaurant, food, point_of_interest, establishment",OPERATIONAL,,,Open Now,0,Japanese | Bar/Lounge | Casual Dining,Really enjoyed my meal at Ryoko's Japanese Restaurant & Bar. The food was tasty and the service was prompt.
Amelie San Francisco,4.6,608,2,"1754 Polk Street, San Francisco",,ChIJ88G-quuAhYAR7bj0Yhr8gwI,"bar, restaurant, food, point_of_interest, establishment",OPERATIONAL,,,Open Now,0,Other | Bar/Lounge | Casual Dining,Amelie San Francisco exceeded all expectations. Every dish was perfectly prepared and the atmosphere was wonderful.
Crustacean on Polk,4.4,1179,3,"1475 Polk Street, San Francisco",,ChIJbTaY0ZSAhYARfIMEck8_XW8,"restaurant, food, point_of_interest, establishment",CLOSED_TEMPORARILY,,,Unknown,0,Other | Fine Dining,Great food and service at Crustacean on Polk. The dishes were well-prepared and the staff was friendly.
Flour + Water,4.5,1755,3,"2401 Harrison Street, San Francisco",,ChIJDVaCXjd-j4AR4AOGUS0kLGc,"restaurant, point_of_interest, food, establishment",OPERATIONAL,,,Open Now,0,Other | Fine Dining,Absolutely amazing experience at Flour + Water! The food was exceptional and the service was top-notch. Highly recommend!
Taquería El Farolito,4.5,5437,1,"2779 Mission Street, San Francisco",,ChIJ5WRITUd-j4ARIcl68TeeR8M,"restaurant, point_of_interest, food, establishment",OPERATIONAL,,,Open Now,0,Other | Casual Dining,Absolutely amazing experience at Taquería El Farolito! The food was exceptional and the service was top-notch. Highly recommend!
Foreign Cinema,4.5,3166,3,"2534 Mission Street, San Francisco",,ChIJPwvLyD5-j4AR2fM8C0bbVC8,"bar, restaurant, point_of_interest, food, establishment",OPERATIONAL,,,Open Now,0,Other | Bar/Lounge | Fine Dining,Absolutely amazing experience at Foreign Cinema! The food was exceptional and the service was top-notch. Highly recommend!
Starbelly,4.3,2032,2,"3583 16th Street, San Francisco",,ChIJs6YBYhx-j4AR4LUJq9SFQt0,"restaurant, point_of_interest, food, establishment",OPERATIONAL,,,Open Now,0,Other | Casual Dining,Great food and service at Starbelly. The dishes were well-prepared and the staff was friendly.
Mission Chinese Food,4.2,1224,2,"2234 Mission Street, San Francisco",,ChIJmZN_ljx-j4ARF16HqVQ2vnI,"restaurant, point_of_interest, food, establishment",OPERATIONAL,,,Open Now,0,Chinese | Casual Dining,Great food and service at Mission Chinese Food. The dishes were well-prepared and the staff was friendly.
Bi-Rite Market,4.5,905,1,"3639 18th Street, San Francisco",,ChIJ_WI-BRh-j4AR1EnWvxsCVOg,"grocery_or_supermarket, supermarket, liquor_store, restaurant, point_of_interest, food, store, establishment",OPERATIONAL,,,Open Now,0,Other | Casual Dining,Bi-Rite Market exceeded all expectations. Every dish was perfectly prepared and the atmosphere was wonderful.
Teeth Bar SF,4.3,914,1,"2323 Mission Street, San Francisco",,ChIJ19wvezx-j4ARtTYI1KKXkZY,"bar, restaurant, point_of_interest, food, establishment",OPERATIONAL,,,Open Now,0,Other | Bar/Lounge | Casual Dining,Really enjoyed my meal at Teeth Bar SF. The food was tasty and the service was prompt.
The Chapel,4.7,578,2,"777 Valencia Street, San Francisco",,ChIJzdMHHj1-j4ARCU4ZzZw5lBg,"night_club, bar, restaurant, point_of_interest, food, establishment",OPERATIONAL,,,Open Now,0,Other | Bar/Lounge | Casual Dining,One of the best restaurants I've ever been to. The Chapel delivers quality that matches their excellent reputation.
Super Duper Burgers,4.5,2331,1,"2304 Market Street, San Francisco",,ChIJE8IQlBx-j4ARurzdrE3v_Lk,"restaurant, point_of_interest, food, establishment",OPERATIONAL,,,Open Now,0,American | Casual Dining,Super Duper Burgers exceeded all expectations. Every dish was perfectly prepared and the atmosphere was wonderful.
Frances,4.7,719,3,"3870 17th Street, San Francisco",,ChIJky2knBt-j4ARXAdR3-GAWM8,"restaurant, point_of_interest, food, establishment",OPERATIONAL,,,Closed,0,Other | Fine Dining,Absolutely amazing experience at Frances! The food was exceptional and the service was top-notch. Highly recommend!
Beretta Valencia,4.5,2504,2,"1199 Valencia Street, San Francisco",,ChIJHeoUcz9-j4AR9BGHeYE4w3o,"bar, restaurant, point_of_interest, food, establishment",OPERATIONAL,,,Open Now,0,Other | Bar/Lounge | Casual Dining,Beretta Valencia exceeded all expectations. Every dish was perfectly prepared and the atmosphere was wonderful.
Mama's On Washington Square,4.4,3033,2,"1701 Stockton Street, San Francisco",,ChIJzXSCqfGAhYAR_AM6FCI7To4,"restaurant, point_of_interest, food, establishment",OPERATIONAL,,,Closed,0,Other | Casual Dining,Really enjoyed my meal at Mama's On Washington Square. The food was tasty and the service was prompt.
Tony's Pizza Napoletana,4.5,9165,2,"1570 Stockton Street, San Francisco",,ChIJHXHcEvGAhYARQPuHNN78s78,"restaurant, point_of_interest, food, establishment",OPERATIONAL,,,Open Now,0,Italian | Casual Dining,Absolutely amazing experience at Tony's Pizza Napoletana! The food was exceptional and the service was top-notch. Highly recommend!
In-N-Out Burger,4.3,11668,1,"333 Jefferson Street, San Francisco",,ChIJcUlD0eOAhYARucGJj8eN9I8,"restaurant, point_of_interest, food, establishment",OPERATIONAL,,,Open Now,0,American | Casual Dining,Really enjoyed my meal at In-N-Out Burger. The food was tasty and the service was prompt.
Franciscan Crab Restaurant,4.2,5177,3,"Pier 43 1/2, 43 1/2 The Embarcadero, San Francisco",,ChIJERGFHOOAhYARFYtaHpvXbyc,"restaurant, point_of_interest, food, establishment",OPERATIONAL,,,Open Now,0,Other | Fine Dining,Really enjoyed my meal at Franciscan Crab Restaurant. The food was tasty and the service was prompt.
Gary Danko,4.6,2037,4,"800 North Point Street, San Francisco",,ChIJq342JeGAhYARwdtH9tlX7gg,"bar, restaurant, point_of_interest, food, establishment",OPERATIONAL,,,Open Now,0,Other | Bar/Lounge | Fine Dining,Gary Danko exceeded all expectations. Every dish was perfectly prepared and the atmosphere was wonderful. The upscale atmosphere adds to the dining experience.
The Irish Bank,4.3,1774,2,"10 Mark Lane, San Francisco",,ChIJO-TDcImAhYAR6O16Hgw4feE,"bar, restaurant, point_of_interest, food, establishment",OPERATIONAL,,,Open Now,0,Other | Bar/Lounge | Casual Dining,Really enjoyed my meal at The Irish Bank. The food was tasty and the service was prompt.
Magnolia SF - Haight,4.4,924,2,"1398 Haight Street, San Francisco",,ChIJE0grwKyAhYARYEGINq3LTPQ,"bar, restaurant, point_of_interest, food, establishment",OPERATIONAL,,,Open Now,0,Other | Bar/Lounge | Casual Dining,Magnolia SF - Haight offers a solid dining experience with good quality food and reasonable prices.
Zazie,4.6,3409,2,"941 Cole Street, San Francisco",,ChIJgSeZU1SHhYARQU-BswtkEiY,"restaurant, point_of_interest, food, establishment",OPERATIONAL,,,Open Now,0,Other | Casual Dining,Zazie exceeded all expectations. Every dish was perfectly prepared and the atmosphere was wonderful.
SPQR,4.3,756,4,"1911 Fillmore Street, San Francisco",,ChIJCUQFkseAhYARpkr3emAuxp8,"restaurant, point_of_interest, food, establishment",OPERATIONAL,,,Open Now,0,Other | Fine Dining,Great food and service at SPQR. The dishes were well-prepared and the staff was friendly. The upscale atmosphere adds to the dining experience.
Spruce,4.6,1650,3,"3640 Sacramento Street, San Francisco",,ChIJ_075ezGHhYARMb6UkSpmbbE,"bar, restaurant, point_of_interest, food, establishment",OPERATIONAL,,,Open Now,0,Other | Bar/Lounge | Fine Dining,Absolutely amazing experience at Spruce! The food was exceptional and the service was top-notch. Highly recommend!
Patxi's Pizza,4.1,1078,2,"511 Hayes Street, San Francisco",,ChIJZcmnbaKAhYARlw87UJD_1Vw,"restaurant, point_of_interest, food, establishment",OPERATIONAL,,,Open Now,0,Italian | Casual Dining,Great food and service at Patxi's Pizza. The dishes were well-prepared and the staff was friendly.
Benihana,4,2035,3,"1737 Post Street, San Francisco",,ChIJHY2bJ7mAhYARobftrgWJDvE,"restaurant, point_of_interest, food, establishment",OPERATIONAL,,,Open Now,0,Other | Fine Dining,Great food and service at Benihana. The dishes were well-prepared and the staff was friendly.
ROOFTOP 25,4.3,1093,3,"25 Lusk Street, San Francisco",,ChIJAzkmQNZ_j4ARs6PNLtDYE_g,"restaurant, food, point_of_interest, establishment",OPERATIONAL,,,Closed,0,Other | Fine Dining,Great food and service at ROOFTOP 25. The dishes were well-prepared and the staff was friendly.
Gold Club,3.3,156,2,"650 Howard Street, San Francisco",,ChIJqUq8D32AhYARdLzkgdNNfts,"bar, restaurant, food, point_of_interest, establishment",OPERATIONAL,,,Open Now,0,Other | Bar/Lounge | Casual Dining,Gold Club has potential but needs work on consistency. Service was okay.
Bottom of the Hill,4.7,985,1,"1233 17th Street, San Francisco",,ChIJQcdLBsx_j4AROyDSIMBYKH8,"bar, restaurant, food, point_of_interest, establishment",OPERATIONAL,,,Unknown,0,Other | Bar/Lounge | Casual Dining,Bottom of the Hill exceeded all expectations. Every dish was perfectly prepared and the atmosphere was wonderful.
Joyride Pizza - Yerba Buena Gardens,4.3,990,2,"730 Howard Street, San Francisco",,ChIJwRoTbYeAhYARRVVpbPgZvdw,"bar, meal_takeaway, meal_delivery, restaurant, food, point_of_interest, establishment",OPERATIONAL,,,Closed,0,Italian | Bar/Lounge | Casual Dining,Joyride Pizza - Yerba Buena Gardens offers a solid dining experience with good quality food and reasonable prices.
Delancey Street Restaurant,4.5,1526,1,"600 The Embarcadero, San Francisco",,ChIJTRf2DXeAhYARsjppfRXu44s,"restaurant, food, point_of_interest, establishment",OPERATIONAL,,,Closed,0,Other | Casual Dining,Delancey Street Restaurant exceeded all expectations. Every dish was perfectly prepared and the atmosphere was wonderful.
Lao Table,4.2,1366,2,"149 2nd Street, San Francisco",,ChIJlzpQKH2AhYARxeGIpYu53Tw,"bar, restaurant, food, point_of_interest, establishment",OPERATIONAL,,,Open Now,0,Other | Bar/Lounge | Casual Dining,Really enjoyed my meal at Lao Table. The food was tasty and the service was prompt.
Plow,4.4,2691,2,"1299 18th Street, San Francisco",,ChIJRT-pgcl_j4ARC1TrxZcQ8xY,"restaurant, food, point_of_interest, establishment",OPERATIONAL,,,Closed,0,Other | Casual Dining,Plow offers a solid dining experience with good quality food and reasonable prices.
Humphry Slocombe,4.4,864,2,"One Ferry Building #8, San Francisco",,ChIJWUj0iEh-j4ARPJYe1823nnU,"restaurant, food, point_of_interest, store, establishment",OPERATIONAL,,,Open Now,0,Other | Casual Dining,Great food and service at Humphry Slocombe. The dishes were well-prepared and the staff was friendly.
Waterbar Restaurant,4.5,4127,3,"399 The Embarcadero, San Francisco",,ChIJgXkuGnCAhYARbVYisXVfO68,"bar, restaurant, food, point_of_interest, establishment",OPERATIONAL,,,Open Now,0,Other | Bar/Lounge | Fine Dining,Waterbar Restaurant exceeded all expectations. Every dish was perfectly prepared and the atmosphere was wonderful.
Hog Island Oyster Co.,4.6,3677,2,"Ferry Building, #11, San Francisco",,ChIJWTGPjmaAhYARgXpiJ-aACYM,"bar, restaurant, food, point_of_interest, establishment",OPERATIONAL,,,Open Now,0,Seafood | Bar/Lounge | Casual Dining,Hog Island Oyster Co. exceeded all expectations. Every dish was perfectly prepared and the atmosphere was wonderful.
EPIC Steak,4.4,2830,3,"369 The Embarcadero, San Francisco",,ChIJJVhdD3CAhYARw2KuKNaUCEg,"bar, restaurant, food, point_of_interest, establishment",OPERATIONAL,,,Open Now,0,Other | Bar/Lounge | Fine Dining,Really enjoyed my meal at EPIC Steak. The food was tasty and the service was prompt.
The Little Chihuahua,4.4,924,2,"292 Divisadero Street, San Francisco",,ChIJ8y_0Oa-AhYARvwNaeQL0it8,"restaurant, food, point_of_interest, establishment",OPERATIONAL,,,Open Now,0,Other | Casual Dining,The Little Chihuahua offers a solid dining experience with good quality food and reasonable prices.
The Alembic,4.5,796,3,"1725 Haight Street, San Francisco",,ChIJ4RMby1OHhYARsGxnl40kWbg,"bar, restaurant, food, point_of_interest, establishment",OPERATIONAL,,,Closed,0,Other | Bar/Lounge | Fine Dining,The Alembic exceeded all expectations. Every dish was perfectly prepared and the atmosphere was wonderful.
Greens,4.4,1884,3,"Building A, 2 Marina Boulevard, San Francisco",,ChIJceeAXt6AhYARur0rWLmvt1A,"restaurant, point_of_interest, food, establishment",OPERATIONAL,,,Closed,0,Other | Fine Dining,Greens offers a solid dining experience with good quality food and reasonable prices.
Bobo's,4.3,784,3,"1450 Lombard Street, San Francisco",,ChIJgYQEod2AhYARB-mbuMUyGhw,"restaurant, point_of_interest, food, establishment",OPERATIONAL,,,Closed,0,Other | Fine Dining,Great food and service at Bobo's. The dishes were well-prepared and the staff was friendly.
Nick's Crispy Tacos,4.1,1098,1,"3200 Fillmore Street, San Francisco",,ChIJt3iYkOmAhYARofTl8oAaLN4,"restaurant, point_of_interest, food, establishment",CLOSED_TEMPORARILY,,,Unknown,0,Mexican | Casual Dining,Great food and service at Nick's Crispy Tacos. The dishes were well-prepared and the staff was friendly.
The Blue Light,4.2,383,1,"1979 Union Street, San Francisco",,ChIJvVG_OtuAhYARhrfEv3QiQLA,"bar, restaurant, point_of_interest, food, establishment",OPERATIONAL,,,Open Now,0,Other | Bar/Lounge | Casual Dining,The Blue Light offers a solid dining experience with good quality food and reasonable prices.
Harris' Restaurant - The San Francisco Steakhouse,4.7,1357,4,"2100 Van Ness Avenue, San Francisco",,ChIJLx999umAhYARmyUFkEcxfOw,"bar, restaurant, point_of_interest, food, store, establishment",OPERATIONAL,,,Closed,0,American | Bar/Lounge | Fine Dining,One of the best restaurants I've ever been to. Harris' Restaurant - The San Francisco Steakhouse delivers quality that matches their excellent reputation. The upscale atmosphere adds to the dining experience.
A16,4.2,1306,3,"2355 Chestnut Street, San Francisco",,ChIJE4ZWOdSAhYARsE9BoggtBSU,"restaurant, point_of_interest, food, establishment",OPERATIONAL,,,Open Now,0,Other | Fine Dining,Great food and service at A16. The dishes were well-prepared and the staff was friendly.
Roam Artisan Burgers,4.5,1365,2,"1785 Union Street, San Francisco",,ChIJbzXMtNyAhYAR9bDkoIa3BaI,"restaurant, point_of_interest, food, establishment",OPERATIONAL,,,Open Now,0,American | Casual Dining,Roam Artisan Burgers exceeded all expectations. Every dish was perfectly prepared and the atmosphere was wonderful.
Balboa Cafe,4.2,777,2,"3199 Fillmore Street, San Francisco",,ChIJYXn3mdCAhYAR97Hkb3wD660,"restaurant, bar, point_of_interest, food, establishment",OPERATIONAL,,,Open Now,0,Coffee | Bar/Lounge | Casual Dining,Really enjoyed my meal at Balboa Cafe. The food was tasty and the service was prompt.
Sociale,4.6,295,3,"3665 Sacramento Street, San Francisco",,ChIJT8omZTGHhYAR3YUiNaAFI8o,"restaurant, point_of_interest, food, establishment",OPERATIONAL,,,Open Now,0,Other | Fine Dining,Absolutely amazing experience at Sociale! The food was exceptional and the service was top-notch. Highly recommend!
Hunan Empire Restaurant,4.2,138,1,"2001 Union Street, San Francisco",,ChIJTdw_KNuAhYARjo4FrVXBmBI,"meal_delivery, meal_takeaway, restaurant, point_of_interest, food, establishment",OPERATIONAL,,,Open Now,0,Other | Casual Dining,Great food and service at Hunan Empire Restaurant. The dishes were well-prepared and the staff was friendly.
Perry's on Union,4.3,885,3,"1944 Union Street, San Francisco",,ChIJy3_5ONuAhYARlKgaknpqI0k,"cafe, bar, restaurant, point_of_interest, food, establishment",OPERATIONAL,,,Open Now,0,Coffee | Bar/Lounge | Fine Dining,Perry's on Union offers a solid dining experience with good quality food and reasonable prices.
Scoma's Restaurant,4.6,6466,3,,"1965 Al Scoma Way, San Francisco, CA 94133, United States",ChIJrcYeh_yAhYARNMwNAmHKa5c,"meal_takeaway, restaurant, food, point_of_interest, establishment",OPERATIONAL,,,Open Now,0,Other | Fine Dining,Absolutely amazing experience at Scoma's Restaurant! The food was exceptional and the service was top-notch. Highly recommend!
The Grove - Yerba Buena,4.4,4592,2,,"690 Mission St, San Francisco, CA 94105, United States",ChIJiZyN7IeAhYARnCn-G6GH73Q,"cafe, bar, meal_takeaway, store, restaurant, food, point_of_interest, establishment",OPERATIONAL,,,Open Now,0,Coffee | Bar/Lounge | Casual Dining,Really enjoyed my meal at The Grove - Yerba Buena. The food was tasty and the service was prompt.
Pier Market Seafood Restaurant,4.4,8013,2,,"39 Pier, San Francisco, CA 94133, United States",ChIJHSGzi_yAhYAR9CGTkz3GiJ0,"restaurant, food, point_of_interest, establishment",OPERATIONAL,,,Open Now,0,Seafood | Casual Dining,Pier Market Seafood Restaurant offers a solid dining experience with good quality food and reasonable prices.
Sotto Mare,4.6,4629,2,,"552 Green St, San Francisco, CA 94133, United States",ChIJQfYyVvGAhYARJVwoboB1WKQ,"restaurant, food, point_of_interest, establishment",OPERATIONAL,,,Open Now,0,Other | Casual Dining,Sotto Mare exceeded all expectations. Every dish was perfectly prepared and the atmosphere was wonderful.
Angler,4.5,976,4,,"132 The Embarcadero, San Francisco, CA 94105, United States",ChIJgURgKGuBhYARMIlKBN79aOQ,"restaurant, food, point_of_interest, establishment",OPERATIONAL,,,Open Now,0,Other | Fine Dining,Angler exceeded all expectations. Every dish was perfectly prepared and the atmosphere was wonderful. The upscale atmosphere adds to the dining experience.
Original Joe's,4.5,3218,2,,"601 Union St, San Francisco, CA 94133, United States",ChIJfSGLEfGAhYARC8Egs7nINzk,"bar, restaurant, food, point_of_interest, establishment",OPERATIONAL,,,Open Now,0,Other | Bar/Lounge | Casual Dining,Absolutely amazing experience at Original Joe's! The food was exceptional and the service was top-notch. Highly recommend!
The Morris,4.7,609,3,,"2501 Mariposa St, San Francisco, CA 94110, United States",ChIJqZE4DTF-j4ARUYdqdEEgh8k,"restaurant, food, point_of_interest, establishment",OPERATIONAL,,,Open Now,0,Other | Fine Dining,One of the best restaurants I've ever been to. The Morris delivers quality that matches their excellent reputation.
Lazy Bear,4.8,1109,4,,"3416 19th St, San Francisco, CA 94110, United States",ChIJk35bizx-j4AREil6UPp7Jn4,"restaurant, food, point_of_interest, establishment",OPERATIONAL,,,Closed,0,Other | Fine Dining,One of the best restaurants I've ever been to. Lazy Bear delivers quality that matches their excellent reputation. The upscale atmosphere adds to the dining experience.
Lily,4.6,413,2,,"225 Clement St, San Francisco, CA 94118, United States",ChIJzTvRcRuHhYARMPxqfMH8_Qw,"restaurant, food, point_of_interest, establishment",OPERATIONAL,,,Open Now,0,Other | Casual Dining,Absolutely amazing experience at Lily! The food was exceptional and the service was top-notch. Highly recommend!
Marufuku Ramen,4.5,2757,2,,"1581 Webster St #235, San Francisco, CA 94115, United States",ChIJsYdOvCx-j4ARJItjWBikyOk,"restaurant, food, point_of_interest, establishment",OPERATIONAL,,,Open Now,0,Japanese | Casual Dining,Absolutely amazing experience at Marufuku Ramen! The food was exceptional and the service was top-notch. Highly recommend!
KAIYO ROOFTOP,4.1,731,2,,"701 3rd St 12th Floor, San Francisco, CA 94107, United States",ChIJAS1jCN5_j4AR_KeMCaeunWw,"bar, restaurant, food, point_of_interest, establishment",OPERATIONAL,,,Open Now,0,Other | Bar/Lounge | Casual Dining,Great food and service at KAIYO ROOFTOP. The dishes were well-prepared and the staff was friendly.
Seven Hills,4.7,830,3,,"1896 Hyde St, San Francisco, CA 94109, United States",ChIJc1RqC-yAhYARWmmWMJ-xkDs,"bar, restaurant, food, point_of_interest, establishment",OPERATIONAL,,,Open Now,0,Other | Bar/Lounge | Fine Dining,One of the best restaurants I've ever been to. Seven Hills delivers quality that matches their excellent reputation.
The Progress,4.6,1164,3,,"1525 Fillmore St, San Francisco, CA 94115, United States",ChIJ8zXoo7mAhYARtoa-WE3d5NE,"restaurant, food, point_of_interest, establishment",OPERATIONAL,,,Open Now,0,Other | Fine Dining,The Progress exceeded all expectations. Every dish was perfectly prepared and the atmosphere was wonderful.
Liholiho Yacht Club,4.7,1809,3,,"871 Sutter St, San Francisco, CA 94109, United States",ChIJkVSnJpKAhYARCSaDnRo5brE,"bar, restaurant, food, point_of_interest, establishment",OPERATIONAL,,,Open Now,0,Other | Bar/Lounge | Fine Dining,Absolutely amazing experience at Liholiho Yacht Club! The food was exceptional and the service was top-notch. Highly recommend!
Rich Table,4.7,1457,3,,"199 Gough St, San Francisco, CA 94102, United States",ChIJh_24QJ-AhYAR_xbUNVN2Xns,"restaurant, food, point_of_interest, establishment",OPERATIONAL,,,Closed,0,Other | Fine Dining,Absolutely amazing experience at Rich Table! The food was exceptional and the service was top-notch. Highly recommend!
Sons & Daughters,4.7,355,4,,"708 Bush St, San Francisco, CA 94108, United States",ChIJvXXIOoyAhYARe-ixq3WdmrY,"restaurant, food, point_of_interest, establishment",OPERATIONAL,,,Closed,0,Other | Fine Dining,One of the best restaurants I've ever been to. Sons & Daughters delivers quality that matches their excellent reputation. The upscale atmosphere adds to the dining experience.
Piccolo Forno,4.7,1884,2,,"725 Columbus Ave, San Francisco, CA 94133, United States",ChIJLeYyO_CAhYAR6j9XsEIm3GI,"restaurant, food, point_of_interest, establishment",OPERATIONAL,,,Open Now,0,Other | Casual Dining,Absolutely amazing experience at Piccolo Forno! The food was exceptional and the service was top-notch. Highly recommend!
Bouche,4.5,657,3,,"603 Bush St, San Francisco, CA 94108, United States",ChIJaa9OAYyAhYARxwgUHLNEpOY,"bar, restaurant, food, point_of_interest, establishment",OPERATIONAL,,,Open Now,0,Other | Bar/Lounge | Fine Dining,One of the best restaurants I've ever been to. Bouche delivers quality that matches their excellent reputation.
The Vault Garden,4.3,299,,,"Plaza Level, 555 California St, San Francisco, CA 94104, United States",ChIJxcwexvGBhYARJd6pbktHXCk,"restaurant, bar, food, point_of_interest, establishment",OPERATIONAL,,,Open Now,0,Other | Bar/Lounge | Casual Dining,Great food and service at The Vault Garden. The dishes were well-prepared and the staff was friendly.
Delarosa Downtown,4.3,2017,2,,"37 Yerba Buena Ln, San Francisco, CA 94103, United States",ChIJp5VgLIaAhYARLC-hH-r89rM,"bar, restaurant, food, point_of_interest, establishment",OPERATIONAL,,,Open Now,0,Other | Bar/Lounge | Casual Dining,Delarosa Downtown offers a solid dining experience with good quality food and reasonable prices.
PABU Izakaya,4.3,1240,4,,"101 California St, San Francisco, CA 94111, United States",ChIJ44TmfmGAhYARtt8NOeJ9kLo,"restaurant, food, point_of_interest, establishment",OPERATIONAL,,,Open Now,0,Japanese | Fine Dining,Great food and service at PABU Izakaya. The dishes were well-prepared and the staff was friendly. The upscale atmosphere adds to the dining experience.
Coqueta,4.4,2684,3,,"Pier 5 The Embarcadero, San Francisco, CA 94111, United States",ChIJA8_SN2eAhYARCIvEx44Zvfw,"bar, restaurant, food, point_of_interest, establishment",OPERATIONAL,,,Open Now,0,Other | Bar/Lounge | Fine Dining,Really enjoyed my meal at Coqueta. The food was tasty and the service was prompt.
Sears Fine Food,4.3,3827,2,,"439 Powell St, San Francisco, CA 94102, United States",ChIJlW39lY6AhYAR-kYSJfvNY6A,"bar, restaurant, food, point_of_interest, establishment",OPERATIONAL,,,Open Now,0,Other | Bar/Lounge | Casual Dining,Great food and service at Sears Fine Food. The dishes were well-prepared and the staff was friendly.
Barcha Restaurant,4.4,1398,3,,"28 Fremont St, San Francisco, CA 94105, United States",ChIJDzBboWOAhYARKT5j0sGvFDU,"restaurant, food, point_of_interest, establishment",OPERATIONAL,,,Open Now,0,Other | Fine Dining,Great food and service at Barcha Restaurant. The dishes were well-prepared and the staff was friendly.
MKT Restaurant and Bar,4.5,474,,,"757 Market St, San Francisco, CA 94103, United States",ChIJaZ6Hg4iAhYARrwVEfkv9Zlw,"night_club, bar, restaurant, food, point_of_interest, establishment",OPERATIONAL,,,Open Now,0,Other | Bar/Lounge | Casual Dining,Absolutely amazing experience at MKT Restaurant and Bar! The food was exceptional and the service was top-notch. Highly recommend!
Super Duper Burgers,4.4,6728,1,,"721 Market St, San Francisco, CA 94103, United States",ChIJLVgtY4iAhYARoO_UxqNv5Bw,"restaurant, food, point_of_interest, establishment",OPERATIONAL,,,Open Now,0,American | Casual Dining,Really enjoyed my meal at Super Duper Burgers. The food was tasty and the service was prompt.
Sens,4.3,935,3,,"4 Embarcadero Ctr Level, San Francisco, CA 94111, United States",ChIJBVDZR2GAhYARCy82N8HgD5I,"restaurant, meal_takeaway, bar, food, point_of_interest, establishment",OPERATIONAL,,,Open Now,0,Other | Bar/Lounge | Fine Dining,Really enjoyed my meal at Sens. The food was tasty and the service was prompt.
Bix,4.5,1214,3,,"56 Gold St, San Francisco, CA 94133, United States",ChIJDZ0ZOPWAhYARkZFd-uCioMs,"night_club, bar, restaurant, food, point_of_interest, establishment",OPERATIONAL,,,Open Now,0,Other | Bar/Lounge | Fine Dining,Absolutely amazing experience at Bix! The food was exceptional and the service was top-notch. Highly recommend!
Prospect,4.4,982,3,,"300 Spear St, San Francisco, CA 94105, United States",ChIJsc_3vHqAhYARG50dM6228cE,"restaurant, food, point_of_interest, establishment",OPERATIONAL,,,Open Now,0,Other | Fine Dining,Great food and service at Prospect. The dishes were well-prepared and the staff was friendly.
Benu,4.6,706,4,,"22 Hawthorne St, San Francisco, CA 94105, United States",ChIJSToWqn2AhYAR1CuH2iGMvuo,"restaurant, food, point_of_interest, establishment",OPERATIONAL,,,Closed,0,Other | Fine Dining,Absolutely amazing experience at Benu! The food was exceptional and the service was top-notch. Highly recommend! The upscale atmosphere adds to the dining experience.
Kiln,4.8,117,,,"149 Fell St, San Francisco, CA 94102, United States",ChIJlZn9AxyBhYARAY1cJE9KydY,"restaurant, food, point_of_interest, establishment",OPERATIONAL,,,Closed,0,Other | Casual Dining,One of the best restaurants I've ever been to. Kiln delivers quality that matches their excellent reputation.
Quince,4.6,715,4,,"470 Pacific Ave, San Francisco, CA 94133, United States",ChIJ8biHnb-AhYARSpU8MDPb5vs,"restaurant, food, point_of_interest, establishment",OPERATIONAL,,,Closed,0,Other | Fine Dining,Quince exceeded all expectations. Every dish was perfectly prepared and the atmosphere was wonderful. The upscale atmosphere adds to the dining experience.
Atelier Crenn,4.7,715,4,,"3127 Fillmore St, San Francisco, CA 94123, United States",ChIJx1ULhNCAhYARSRq9NDWTeqI,"restaurant, food, point_of_interest, establishment",OPERATIONAL,,,Closed,0,Other | Fine Dining,Atelier Crenn exceeded all expectations. Every dish was perfectly prepared and the atmosphere was wonderful. The upscale atmosphere adds to the dining experience.
Acquerello,4.6,606,4,,"NEAR VAN NESS &, 1722 Sacramento St, San Francisco, CA 94109, United States",ChIJwYdY3uqAhYARXUJUOIELoqU,"restaurant, food, point_of_interest, establishment",OPERATIONAL,,,Closed,0,Other | Fine Dining,Acquerello exceeded all expectations. Every dish was perfectly prepared and the atmosphere was wonderful. The upscale atmosphere adds to the dining experience.
STK Steakhouse,4.6,3176,4,,"1 Market St Suite M3, San Francisco, CA 94105, United States",ChIJzcayqEyBhYARyvjdWRk5_0E,"night_club, bar, restaurant, food, point_of_interest, establishment",OPERATIONAL,,,Open Now,0,American | Bar/Lounge | Fine Dining,Absolutely amazing experience at STK Steakhouse! The food was exceptional and the service was top-notch. Highly recommend! The upscale atmosphere adds to the dining experience.
Birdsong,4.6,441,4,,"1085 Mission St, San Francisco, CA 94103, United States",ChIJTwtvfIOAhYARHMEe0c2Xi4s,"restaurant, food, point_of_interest, establishment",OPERATIONAL,,,Closed,0,Other | Fine Dining,Absolutely amazing experience at Birdsong! The food was exceptional and the service was top-notch. Highly recommend! The upscale atmosphere adds to the dining experience.
Fable,4.4,1024,2,,"558 Castro St, San Francisco, CA 94114, United States",ChIJ369T0Rp-j4ARftWt7DRMdo4,"bar, restaurant, food, point_of_interest, establishment",OPERATIONAL,,,Open Now,0,Other | Bar/Lounge | Casual Dining,Fable offers a solid dining experience with good quality food and reasonable prices.
Bottega,4.4,905,2,,"1132 Valencia St, San Francisco, CA 94110, United States",ChIJxZMBuHV_j4ARK1fO7KSqyOE,"bar, restaurant, food, store, point_of_interest, establishment",OPERATIONAL,,,Open Now,0,Other | Bar/Lounge | Casual Dining,Great food and service at Bottega. The dishes were well-prepared and the staff was friendly.
The Front Porch,4.4,1249,2,,"65 29th St, San Francisco, CA 94110, United States",ChIJn8Ixw0J-j4ARb073TlyhmZw,"bar, restaurant, food, point_of_interest, establishment",OPERATIONAL,,,Open Now,0,Other | Bar/Lounge | Casual Dining,The Front Porch offers a solid dining experience with good quality food and reasonable prices.
The Bite,4.7,799,2,,"996 Mission St, San Francisco, CA 94103, United States",ChIJO4EpnZiBhYARcipjqfa3rxI,"restaurant, food, point_of_interest, establishment",OPERATIONAL,,,Open Now,0,Other | Casual Dining,The Bite exceeded all expectations. Every dish was perfectly prepared and the atmosphere was wonderful.
Blue Plate,4.6,569,3,,"3218 Mission St, San Francisco, CA 94110, United States",ChIJ7d1kDkN-j4ARLXO5JZwg7NI,"park, bar, restaurant, food, point_of_interest, establishment",OPERATIONAL,,,Closed,0,Other | Bar/Lounge | Fine Dining,Absolutely amazing experience at Blue Plate! The food was exceptional and the service was top-notch. Highly recommend!
Sisterita,4.6,576,2,,"669 Commercial St, San Francisco, CA 94111, United States",ChIJ4WcYIz-BhYARw72VEt7JrC8,"restaurant, food, point_of_interest, establishment",OPERATIONAL,,,Closed,0,Other | Casual Dining,Sisterita exceeded all expectations. Every dish was perfectly prepared and the atmosphere was wonderful.
Wilder,4.1,141,2,,"3154 Fillmore St, San Francisco, CA 94123, United States",ChIJz9OgV8CBhYARQjI8TPEiVVg,"restaurant, food, point_of_interest, establishment",OPERATIONAL,,,Closed,0,Other | Casual Dining,Great food and service at Wilder. The dishes were well-prepared and the staff was friendly.
Causwells,4.3,901,2,,"2346 Chestnut St, San Francisco, CA 94123, United States",ChIJ78j3OdSAhYAR_nZU8ILRNUU,"restaurant, food, point_of_interest, establishment",OPERATIONAL,,,Closed,0,Other | Casual Dining,Great food and service at Causwells. The dishes were well-prepared and the staff was friendly.
La Mar Cocina Peruana San Francisco,4.5,4519,3,,"1 1/2 Ferry Plaza, San Francisco, CA 94111, United States",ChIJURDKN2eAhYARN0AMzUEaiKo,"restaurant, food, point_of_interest, establishment",OPERATIONAL,,,Open Now,0,Other | Fine Dining,La Mar Cocina Peruana San Francisco exceeded all expectations. Every dish was perfectly prepared and the atmosphere was wonderful.
Brickhouse Cafe & Bar,4.3,906,2,,"426 Brannan St, San Francisco, CA 94107, United States",ChIJSZ0wqHiAhYARdMldLticW4w,"bar, restaurant, food, point_of_interest, establishment",OPERATIONAL,,,Closed,0,Coffee | Bar/Lounge | Casual Dining,Great food and service at Brickhouse Cafe & Bar. The dishes were well-prepared and the staff was friendly.
Prubechu,4.6,475,3,,"2224 Mission St #A, San Francisco, CA 94110, United States",ChIJxesKArN_j4AR4rL6f1X6iec,"restaurant, food, point_of_interest, establishment",OPERATIONAL,,,Closed,0,Other | Fine Dining,Absolutely amazing experience at Prubechu! The food was exceptional and the service was top-notch. Highly recommend!
